image,expected_class,label_file,current_label,review_status
american_black_bear_103.jpg,american_black_bear,american_black_bear_103.txt,EMPTY,PENDING
american_black_bear_106.jpg,american_black_bear,american_black_bear_106.txt,EMPTY,PENDING
american_black_bear_120.jpg,american_black_bear,american_black_bear_120.txt,EMPTY,PENDING
american_black_bear_127.jpg,american_black_bear,american_black_bear_127.txt,EMPTY,PENDING
american_black_bear_130.jpg,american_black_bear,american_black_bear_130.txt,EMPTY,PENDING
american_black_bear_133.jpg,american_black_bear,american_black_bear_133.txt,EMPTY,PENDING
american_black_bear_137.jpg,american_black_bear,american_black_bear_137.txt,EMPTY,PENDING
american_black_bear_139.jpg,american_black_bear,american_black_bear_139.txt,EMPTY,PENDING
american_black_bear_142.jpg,american_black_bear,american_black_bear_142.txt,EMPTY,PENDING
american_black_bear_144.jpg,american_black_bear,american_black_bear_144.txt,EMPTY,PENDING
american_black_bear_169.jpg,american_black_bear,american_black_bear_169.txt,EMPTY,PENDING
american_black_bear_171.jpg,american_black_bear,american_black_bear_171.txt,EMPTY,PENDING
american_black_bear_178.jpg,american_black_bear,american_black_bear_178.txt,EMPTY,PENDING
american_black_bear_196.jpg,american_black_bear,american_black_bear_196.txt,EMPTY,PENDING
american_black_bear_21.jpg,american_black_bear,american_black_bear_21.txt,EMPTY,PENDING
american_black_bear_214.jpg,american_black_bear,american_black_bear_214.txt,EMPTY,PENDING
american_black_bear_217.jpg,american_black_bear,american_black_bear_217.txt,EMPTY,PENDING
american_black_bear_224.jpg,american_black_bear,american_black_bear_224.txt,EMPTY,PENDING
american_black_bear_227.jpg,american_black_bear,american_black_bear_227.txt,EMPTY,PENDING
american_black_bear_23.jpg,american_black_bear,american_black_bear_23.txt,EMPTY,PENDING
american_black_bear_231.jpg,american_black_bear,american_black_bear_231.txt,EMPTY,PENDING
american_black_bear_233.jpg,american_black_bear,american_black_bear_233.txt,EMPTY,PENDING
american_black_bear_25.jpg,american_black_bear,american_black_bear_25.txt,EMPTY,PENDING
american_black_bear_251.jpg,american_black_bear,american_black_bear_251.txt,EMPTY,PENDING
american_black_bear_262.jpg,american_black_bear,american_black_bear_262.txt,EMPTY,PENDING
american_black_bear_265.jpg,american_black_bear,american_black_bear_265.txt,EMPTY,PENDING
american_black_bear_271.jpg,american_black_bear,american_black_bear_271.txt,EMPTY,PENDING
american_black_bear_277.jpg,american_black_bear,american_black_bear_277.txt,EMPTY,PENDING
american_black_bear_282.jpg,american_black_bear,american_black_bear_282.txt,EMPTY,PENDING
american_black_bear_285.jpg,american_black_bear,american_black_bear_285.txt,EMPTY,PENDING
american_black_bear_287.jpg,american_black_bear,american_black_bear_287.txt,EMPTY,PENDING
american_black_bear_292.jpg,american_black_bear,american_black_bear_292.txt,EMPTY,PENDING
american_black_bear_294.jpg,american_black_bear,american_black_bear_294.txt,EMPTY,PENDING
american_black_bear_296.jpg,american_black_bear,american_black_bear_296.txt,EMPTY,PENDING
american_black_bear_32.jpg,american_black_bear,american_black_bear_32.txt,EMPTY,PENDING
american_black_bear_34.jpg,american_black_bear,american_black_bear_34.txt,EMPTY,PENDING
american_black_bear_40.jpg,american_black_bear,american_black_bear_40.txt,EMPTY,PENDING
american_black_bear_5.jpg,american_black_bear,american_black_bear_5.txt,EMPTY,PENDING
american_black_bear_50.jpg,american_black_bear,american_black_bear_50.txt,EMPTY,PENDING
american_black_bear_54.jpg,american_black_bear,american_black_bear_54.txt,EMPTY,PENDING
american_black_bear_61.jpg,american_black_bear,american_black_bear_61.txt,EMPTY,PENDING
american_black_bear_62.jpg,american_black_bear,american_black_bear_62.txt,EMPTY,PENDING
american_black_bear_80.jpg,american_black_bear,american_black_bear_80.txt,EMPTY,PENDING
american_black_bear_85.jpg,american_black_bear,american_black_bear_85.txt,EMPTY,PENDING
american_black_bear_9.jpg,american_black_bear,american_black_bear_9.txt,EMPTY,PENDING
american_black_bear_90.jpg,american_black_bear,american_black_bear_90.txt,EMPTY,PENDING
bighorn_sheep_113.jpg,bighorn_sheep,bighorn_sheep_113.txt,EMPTY,PENDING
bighorn_sheep_123.jpg,bighorn_sheep,bighorn_sheep_123.txt,EMPTY,PENDING
bighorn_sheep_126.jpg,bighorn_sheep,bighorn_sheep_126.txt,EMPTY,PENDING
bighorn_sheep_127.jpg,bighorn_sheep,bighorn_sheep_127.txt,EMPTY,PENDING
bighorn_sheep_138.jpg,bighorn_sheep,bighorn_sheep_138.txt,EMPTY,PENDING
bighorn_sheep_14.jpg,bighorn_sheep,bighorn_sheep_14.txt,EMPTY,PENDING
bighorn_sheep_143.jpg,bighorn_sheep,bighorn_sheep_143.txt,EMPTY,PENDING
bighorn_sheep_147.jpg,bighorn_sheep,bighorn_sheep_147.txt,EMPTY,PENDING
bighorn_sheep_161.jpg,bighorn_sheep,bighorn_sheep_161.txt,EMPTY,PENDING
bighorn_sheep_170.jpg,bighorn_sheep,bighorn_sheep_170.txt,EMPTY,PENDING
bighorn_sheep_171.jpg,bighorn_sheep,bighorn_sheep_171.txt,EMPTY,PENDING
bighorn_sheep_173.jpg,bighorn_sheep,bighorn_sheep_173.txt,EMPTY,PENDING
bighorn_sheep_174.jpg,bighorn_sheep,bighorn_sheep_174.txt,EMPTY,PENDING
bighorn_sheep_202.jpg,bighorn_sheep,bighorn_sheep_202.txt,EMPTY,PENDING
bighorn_sheep_214.jpg,bighorn_sheep,bighorn_sheep_214.txt,EMPTY,PENDING
bighorn_sheep_222.jpg,bighorn_sheep,bighorn_sheep_222.txt,EMPTY,PENDING
bighorn_sheep_227.jpg,bighorn_sheep,bighorn_sheep_227.txt,EMPTY,PENDING
bighorn_sheep_231.jpg,bighorn_sheep,bighorn_sheep_231.txt,EMPTY,PENDING
bighorn_sheep_232.jpg,bighorn_sheep,bighorn_sheep_232.txt,EMPTY,PENDING
bighorn_sheep_26.jpg,bighorn_sheep,bighorn_sheep_26.txt,EMPTY,PENDING
bighorn_sheep_272.jpg,bighorn_sheep,bighorn_sheep_272.txt,EMPTY,PENDING
bighorn_sheep_276.jpg,bighorn_sheep,bighorn_sheep_276.txt,EMPTY,PENDING
bighorn_sheep_289.jpg,bighorn_sheep,bighorn_sheep_289.txt,EMPTY,PENDING
bighorn_sheep_34.jpg,bighorn_sheep,bighorn_sheep_34.txt,EMPTY,PENDING
bighorn_sheep_38.jpg,bighorn_sheep,bighorn_sheep_38.txt,EMPTY,PENDING
bighorn_sheep_39.jpg,bighorn_sheep,bighorn_sheep_39.txt,EMPTY,PENDING
bighorn_sheep_41.jpg,bighorn_sheep,bighorn_sheep_41.txt,EMPTY,PENDING
bighorn_sheep_49.jpg,bighorn_sheep,bighorn_sheep_49.txt,EMPTY,PENDING
bighorn_sheep_57.jpg,bighorn_sheep,bighorn_sheep_57.txt,EMPTY,PENDING
bighorn_sheep_62.jpg,bighorn_sheep,bighorn_sheep_62.txt,EMPTY,PENDING
bighorn_sheep_64.jpg,bighorn_sheep,bighorn_sheep_64.txt,EMPTY,PENDING
bighorn_sheep_65.jpg,bighorn_sheep,bighorn_sheep_65.txt,EMPTY,PENDING
bighorn_sheep_66.jpg,bighorn_sheep,bighorn_sheep_66.txt,EMPTY,PENDING
bighorn_sheep_79.jpg,bighorn_sheep,bighorn_sheep_79.txt,EMPTY,PENDING
california_vole_10.jpg,california_vole,california_vole_10.txt,EMPTY,PENDING
california_vole_101.jpg,california_vole,california_vole_101.txt,EMPTY,PENDING
california_vole_103.jpg,california_vole,california_vole_103.txt,EMPTY,PENDING
california_vole_12.jpg,california_vole,california_vole_12.txt,EMPTY,PENDING
california_vole_129.jpg,california_vole,california_vole_129.txt,EMPTY,PENDING
california_vole_13.jpg,california_vole,california_vole_13.txt,EMPTY,PENDING
california_vole_131.jpg,california_vole,california_vole_131.txt,EMPTY,PENDING
california_vole_136.jpg,california_vole,california_vole_136.txt,EMPTY,PENDING
california_vole_137.jpg,california_vole,california_vole_137.txt,EMPTY,PENDING
california_vole_141.jpg,california_vole,california_vole_141.txt,EMPTY,PENDING
california_vole_15.jpg,california_vole,california_vole_15.txt,EMPTY,PENDING
california_vole_153.jpg,california_vole,california_vole_153.txt,EMPTY,PENDING
california_vole_159.jpg,california_vole,california_vole_159.txt,EMPTY,PENDING
california_vole_162.jpg,california_vole,california_vole_162.txt,EMPTY,PENDING
california_vole_169.jpg,california_vole,california_vole_169.txt,EMPTY,PENDING
california_vole_17.jpg,california_vole,california_vole_17.txt,EMPTY,PENDING
california_vole_170.jpg,california_vole,california_vole_170.txt,EMPTY,PENDING
california_vole_182.jpg,california_vole,california_vole_182.txt,EMPTY,PENDING
california_vole_195.jpg,california_vole,california_vole_195.txt,EMPTY,PENDING
california_vole_202.jpg,california_vole,california_vole_202.txt,EMPTY,PENDING
california_vole_208.jpg,california_vole,california_vole_208.txt,EMPTY,PENDING
california_vole_215.jpg,california_vole,california_vole_215.txt,EMPTY,PENDING
california_vole_22.jpg,california_vole,california_vole_22.txt,EMPTY,PENDING
california_vole_226.jpg,california_vole,california_vole_226.txt,EMPTY,PENDING
california_vole_227.jpg,california_vole,california_vole_227.txt,EMPTY,PENDING
california_vole_228.jpg,california_vole,california_vole_228.txt,EMPTY,PENDING
california_vole_231.jpg,california_vole,california_vole_231.txt,EMPTY,PENDING
california_vole_24.jpg,california_vole,california_vole_24.txt,EMPTY,PENDING
california_vole_244.jpg,california_vole,california_vole_244.txt,EMPTY,PENDING
california_vole_246.jpg,california_vole,california_vole_246.txt,EMPTY,PENDING
california_vole_247.jpg,california_vole,california_vole_247.txt,EMPTY,PENDING
california_vole_255.jpg,california_vole,california_vole_255.txt,EMPTY,PENDING
california_vole_259.jpg,california_vole,california_vole_259.txt,EMPTY,PENDING
california_vole_26.jpg,california_vole,california_vole_26.txt,EMPTY,PENDING
california_vole_262.jpg,california_vole,california_vole_262.txt,EMPTY,PENDING
california_vole_263.jpg,california_vole,california_vole_263.txt,EMPTY,PENDING
california_vole_264.jpg,california_vole,california_vole_264.txt,EMPTY,PENDING
california_vole_267.jpg,california_vole,california_vole_267.txt,EMPTY,PENDING
california_vole_275.jpg,california_vole,california_vole_275.txt,EMPTY,PENDING
california_vole_283.jpg,california_vole,california_vole_283.txt,EMPTY,PENDING
california_vole_284.jpg,california_vole,california_vole_284.txt,EMPTY,PENDING
california_vole_287.jpg,california_vole,california_vole_287.txt,EMPTY,PENDING
california_vole_299.jpg,california_vole,california_vole_299.txt,EMPTY,PENDING
california_vole_3.jpg,california_vole,california_vole_3.txt,EMPTY,PENDING
california_vole_30.jpg,california_vole,california_vole_30.txt,EMPTY,PENDING
california_vole_33.jpg,california_vole,california_vole_33.txt,EMPTY,PENDING
california_vole_36.jpg,california_vole,california_vole_36.txt,EMPTY,PENDING
california_vole_42.jpg,california_vole,california_vole_42.txt,EMPTY,PENDING
california_vole_62.jpg,california_vole,california_vole_62.txt,EMPTY,PENDING
california_vole_66.jpg,california_vole,california_vole_66.txt,EMPTY,PENDING
california_vole_67.jpg,california_vole,california_vole_67.txt,EMPTY,PENDING
california_vole_71.jpg,california_vole,california_vole_71.txt,EMPTY,PENDING
california_vole_73.jpg,california_vole,california_vole_73.txt,EMPTY,PENDING
california_vole_75.jpg,california_vole,california_vole_75.txt,EMPTY,PENDING
california_vole_78.jpg,california_vole,california_vole_78.txt,EMPTY,PENDING
california_vole_84.jpg,california_vole,california_vole_84.txt,EMPTY,PENDING
california_vole_89.jpg,california_vole,california_vole_89.txt,EMPTY,PENDING
california_vole_93.jpg,california_vole,california_vole_93.txt,EMPTY,PENDING
Deer_103.jpg,Deer,Deer_103.txt,EMPTY,PENDING
Deer_105.jpg,Deer,Deer_105.txt,EMPTY,PENDING
Deer_131.jpg,Deer,Deer_131.txt,EMPTY,PENDING
Deer_138.jpg,Deer,Deer_138.txt,EMPTY,PENDING
Deer_143.jpg,Deer,Deer_143.txt,EMPTY,PENDING
Deer_146.jpg,Deer,Deer_146.txt,EMPTY,PENDING
Deer_150.jpg,Deer,Deer_150.txt,EMPTY,PENDING
Deer_170.jpg,Deer,Deer_170.txt,EMPTY,PENDING
Deer_180.jpg,Deer,Deer_180.txt,EMPTY,PENDING
Deer_187.jpg,Deer,Deer_187.txt,EMPTY,PENDING
Deer_2.jpg,Deer,Deer_2.txt,EMPTY,PENDING
Deer_213.jpg,Deer,Deer_213.txt,EMPTY,PENDING
Deer_227.jpg,Deer,Deer_227.txt,EMPTY,PENDING
Deer_240.jpg,Deer,Deer_240.txt,EMPTY,PENDING
Deer_257.jpg,Deer,Deer_257.txt,EMPTY,PENDING
Deer_274.jpg,Deer,Deer_274.txt,EMPTY,PENDING
Deer_278.jpg,Deer,Deer_278.txt,EMPTY,PENDING
Deer_281.jpg,Deer,Deer_281.txt,EMPTY,PENDING
Deer_291.jpg,Deer,Deer_291.txt,EMPTY,PENDING
Deer_307.jpg,Deer,Deer_307.txt,EMPTY,PENDING
Deer_320.jpg,Deer,Deer_320.txt,EMPTY,PENDING
Deer_330.jpg,Deer,Deer_330.txt,EMPTY,PENDING
Deer_331.jpg,Deer,Deer_331.txt,EMPTY,PENDING
Deer_333.jpg,Deer,Deer_333.txt,EMPTY,PENDING
Deer_340.jpg,Deer,Deer_340.txt,EMPTY,PENDING
Deer_341.jpg,Deer,Deer_341.txt,EMPTY,PENDING
Deer_343.jpg,Deer,Deer_343.txt,EMPTY,PENDING
Deer_347.jpg,Deer,Deer_347.txt,EMPTY,PENDING
Deer_351.jpg,Deer,Deer_351.txt,EMPTY,PENDING
Deer_355.jpg,Deer,Deer_355.txt,EMPTY,PENDING
Deer_362.jpg,Deer,Deer_362.txt,EMPTY,PENDING
Deer_384.jpg,Deer,Deer_384.txt,EMPTY,PENDING
Deer_388.jpg,Deer,Deer_388.txt,EMPTY,PENDING
Deer_48.jpg,Deer,Deer_48.txt,EMPTY,PENDING
Deer_5.jpg,Deer,Deer_5.txt,EMPTY,PENDING
Deer_60.jpg,Deer,Deer_60.txt,EMPTY,PENDING
Deer_75.jpg,Deer,Deer_75.txt,EMPTY,PENDING
Fox_105.jpg,Fox,Fox_105.txt,EMPTY,PENDING
Fox_107.jpg,Fox,Fox_107.txt,EMPTY,PENDING
Fox_121.jpg,Fox,Fox_121.txt,EMPTY,PENDING
Fox_137.jpg,Fox,Fox_137.txt,EMPTY,PENDING
Fox_141.jpg,Fox,Fox_141.txt,EMPTY,PENDING
Fox_143.jpg,Fox,Fox_143.txt,EMPTY,PENDING
Fox_154.jpg,Fox,Fox_154.txt,EMPTY,PENDING
Fox_155.jpg,Fox,Fox_155.txt,EMPTY,PENDING
Fox_156.jpg,Fox,Fox_156.txt,EMPTY,PENDING
Fox_16.jpg,Fox,Fox_16.txt,EMPTY,PENDING
Fox_176.jpg,Fox,Fox_176.txt,EMPTY,PENDING
Fox_179.jpg,Fox,Fox_179.txt,EMPTY,PENDING
Fox_181.jpg,Fox,Fox_181.txt,EMPTY,PENDING
Fox_190.jpg,Fox,Fox_190.txt,EMPTY,PENDING
Fox_211.jpg,Fox,Fox_211.txt,EMPTY,PENDING
Fox_215.jpg,Fox,Fox_215.txt,EMPTY,PENDING
Fox_222.jpg,Fox,Fox_222.txt,EMPTY,PENDING
Fox_224.jpg,Fox,Fox_224.txt,EMPTY,PENDING
Fox_227.jpg,Fox,Fox_227.txt,EMPTY,PENDING
Fox_228.jpg,Fox,Fox_228.txt,EMPTY,PENDING
Fox_250.jpg,Fox,Fox_250.txt,EMPTY,PENDING
Fox_260.jpg,Fox,Fox_260.txt,EMPTY,PENDING
Fox_28.jpg,Fox,Fox_28.txt,EMPTY,PENDING
Fox_288.jpg,Fox,Fox_288.txt,EMPTY,PENDING
Fox_290.jpg,Fox,Fox_290.txt,EMPTY,PENDING
Fox_291.jpg,Fox,Fox_291.txt,EMPTY,PENDING
Fox_32.jpg,Fox,Fox_32.txt,EMPTY,PENDING
Fox_37.jpg,Fox,Fox_37.txt,EMPTY,PENDING
Fox_38.jpg,Fox,Fox_38.txt,EMPTY,PENDING
Fox_39.jpg,Fox,Fox_39.txt,EMPTY,PENDING
Fox_47.jpg,Fox,Fox_47.txt,EMPTY,PENDING
Fox_49.jpg,Fox,Fox_49.txt,EMPTY,PENDING
Fox_5.jpg,Fox,Fox_5.txt,EMPTY,PENDING
Fox_51.jpg,Fox,Fox_51.txt,EMPTY,PENDING
Fox_60.jpg,Fox,Fox_60.txt,EMPTY,PENDING
Fox_71.jpg,Fox,Fox_71.txt,EMPTY,PENDING
Fox_8.jpg,Fox,Fox_8.txt,EMPTY,PENDING
Fox_84.jpg,Fox,Fox_84.txt,EMPTY,PENDING
Fox_88.jpg,Fox,Fox_88.txt,EMPTY,PENDING
Fox_89.jpg,Fox,Fox_89.txt,EMPTY,PENDING
Fox_99.jpg,Fox,Fox_99.txt,EMPTY,PENDING
gray_wolf_107.jpg,gray_wolf,gray_wolf_107.txt,EMPTY,PENDING
gray_wolf_111.jpg,gray_wolf,gray_wolf_111.txt,EMPTY,PENDING
gray_wolf_113.jpg,gray_wolf,gray_wolf_113.txt,EMPTY,PENDING
gray_wolf_116.jpg,gray_wolf,gray_wolf_116.txt,EMPTY,PENDING
gray_wolf_117.jpg,gray_wolf,gray_wolf_117.txt,EMPTY,PENDING
gray_wolf_132.jpg,gray_wolf,gray_wolf_132.txt,EMPTY,PENDING
gray_wolf_136.jpg,gray_wolf,gray_wolf_136.txt,EMPTY,PENDING
gray_wolf_145.jpg,gray_wolf,gray_wolf_145.txt,EMPTY,PENDING
gray_wolf_15.jpg,gray_wolf,gray_wolf_15.txt,EMPTY,PENDING
gray_wolf_151.jpg,gray_wolf,gray_wolf_151.txt,EMPTY,PENDING
gray_wolf_159.jpg,gray_wolf,gray_wolf_159.txt,EMPTY,PENDING
gray_wolf_165.jpg,gray_wolf,gray_wolf_165.txt,EMPTY,PENDING
gray_wolf_170.jpg,gray_wolf,gray_wolf_170.txt,EMPTY,PENDING
gray_wolf_187.jpg,gray_wolf,gray_wolf_187.txt,EMPTY,PENDING
gray_wolf_27.jpg,gray_wolf,gray_wolf_27.txt,EMPTY,PENDING
gray_wolf_29.jpg,gray_wolf,gray_wolf_29.txt,EMPTY,PENDING
gray_wolf_44.jpg,gray_wolf,gray_wolf_44.txt,EMPTY,PENDING
gray_wolf_49.jpg,gray_wolf,gray_wolf_49.txt,EMPTY,PENDING
gray_wolf_51.jpg,gray_wolf,gray_wolf_51.txt,EMPTY,PENDING
gray_wolf_68.jpg,gray_wolf,gray_wolf_68.txt,EMPTY,PENDING
gray_wolf_75.jpg,gray_wolf,gray_wolf_75.txt,EMPTY,PENDING
gray_wolf_8.jpg,gray_wolf,gray_wolf_8.txt,EMPTY,PENDING
gray_wolf_87.jpg,gray_wolf,gray_wolf_87.txt,EMPTY,PENDING
great_horned_owl_104.jpg,great_horned_owl,great_horned_owl_104.txt,EMPTY,PENDING
great_horned_owl_108.jpg,great_horned_owl,great_horned_owl_108.txt,EMPTY,PENDING
great_horned_owl_110.jpg,great_horned_owl,great_horned_owl_110.txt,EMPTY,PENDING
great_horned_owl_112.jpg,great_horned_owl,great_horned_owl_112.txt,EMPTY,PENDING
great_horned_owl_116.jpg,great_horned_owl,great_horned_owl_116.txt,EMPTY,PENDING
great_horned_owl_119.jpg,great_horned_owl,great_horned_owl_119.txt,EMPTY,PENDING
great_horned_owl_125.jpg,great_horned_owl,great_horned_owl_125.txt,EMPTY,PENDING
great_horned_owl_13.jpg,great_horned_owl,great_horned_owl_13.txt,EMPTY,PENDING
great_horned_owl_131.jpg,great_horned_owl,great_horned_owl_131.txt,EMPTY,PENDING
great_horned_owl_132.jpg,great_horned_owl,great_horned_owl_132.txt,EMPTY,PENDING
great_horned_owl_14.jpg,great_horned_owl,great_horned_owl_14.txt,EMPTY,PENDING
great_horned_owl_143.jpg,great_horned_owl,great_horned_owl_143.txt,EMPTY,PENDING
great_horned_owl_148.jpg,great_horned_owl,great_horned_owl_148.txt,EMPTY,PENDING
great_horned_owl_164.jpg,great_horned_owl,great_horned_owl_164.txt,EMPTY,PENDING
great_horned_owl_165.jpg,great_horned_owl,great_horned_owl_165.txt,EMPTY,PENDING
great_horned_owl_167.jpg,great_horned_owl,great_horned_owl_167.txt,EMPTY,PENDING
great_horned_owl_186.jpg,great_horned_owl,great_horned_owl_186.txt,EMPTY,PENDING
great_horned_owl_187.jpg,great_horned_owl,great_horned_owl_187.txt,EMPTY,PENDING
great_horned_owl_188.jpg,great_horned_owl,great_horned_owl_188.txt,EMPTY,PENDING
great_horned_owl_189.jpg,great_horned_owl,great_horned_owl_189.txt,EMPTY,PENDING
great_horned_owl_21.jpg,great_horned_owl,great_horned_owl_21.txt,EMPTY,PENDING
great_horned_owl_224.jpg,great_horned_owl,great_horned_owl_224.txt,EMPTY,PENDING
great_horned_owl_230.jpg,great_horned_owl,great_horned_owl_230.txt,EMPTY,PENDING
great_horned_owl_246.jpg,great_horned_owl,great_horned_owl_246.txt,EMPTY,PENDING
great_horned_owl_255.jpg,great_horned_owl,great_horned_owl_255.txt,EMPTY,PENDING
great_horned_owl_258.jpg,great_horned_owl,great_horned_owl_258.txt,EMPTY,PENDING
great_horned_owl_267.jpg,great_horned_owl,great_horned_owl_267.txt,EMPTY,PENDING
great_horned_owl_36.jpg,great_horned_owl,great_horned_owl_36.txt,EMPTY,PENDING
great_horned_owl_38.jpg,great_horned_owl,great_horned_owl_38.txt,EMPTY,PENDING
great_horned_owl_41.jpg,great_horned_owl,great_horned_owl_41.txt,EMPTY,PENDING
great_horned_owl_55.jpg,great_horned_owl,great_horned_owl_55.txt,EMPTY,PENDING
great_horned_owl_6.jpg,great_horned_owl,great_horned_owl_6.txt,EMPTY,PENDING
great_horned_owl_63.jpg,great_horned_owl,great_horned_owl_63.txt,EMPTY,PENDING
great_horned_owl_64.jpg,great_horned_owl,great_horned_owl_64.txt,EMPTY,PENDING
great_horned_owl_67.jpg,great_horned_owl,great_horned_owl_67.txt,EMPTY,PENDING
great_horned_owl_77.jpg,great_horned_owl,great_horned_owl_77.txt,EMPTY,PENDING
great_horned_owl_8.jpg,great_horned_owl,great_horned_owl_8.txt,EMPTY,PENDING
great_horned_owl_82.jpg,great_horned_owl,great_horned_owl_82.txt,EMPTY,PENDING
great_horned_owl_83.jpg,great_horned_owl,great_horned_owl_83.txt,EMPTY,PENDING
great_horned_owl_97.jpg,great_horned_owl,great_horned_owl_97.txt,EMPTY,PENDING
harbor_seal_11.jpg,harbor_seal,harbor_seal_11.txt,EMPTY,PENDING
harbor_seal_119.jpg,harbor_seal,harbor_seal_119.txt,EMPTY,PENDING
harbor_seal_124.jpg,harbor_seal,harbor_seal_124.txt,EMPTY,PENDING
harbor_seal_145.jpg,harbor_seal,harbor_seal_145.txt,EMPTY,PENDING
harbor_seal_148.jpg,harbor_seal,harbor_seal_148.txt,EMPTY,PENDING
harbor_seal_150.jpg,harbor_seal,harbor_seal_150.txt,EMPTY,PENDING
harbor_seal_151.jpg,harbor_seal,harbor_seal_151.txt,EMPTY,PENDING
harbor_seal_154.jpg,harbor_seal,harbor_seal_154.txt,EMPTY,PENDING
harbor_seal_155.jpg,harbor_seal,harbor_seal_155.txt,EMPTY,PENDING
harbor_seal_168.jpg,harbor_seal,harbor_seal_168.txt,EMPTY,PENDING
harbor_seal_177.jpg,harbor_seal,harbor_seal_177.txt,EMPTY,PENDING
harbor_seal_178.jpg,harbor_seal,harbor_seal_178.txt,EMPTY,PENDING
harbor_seal_194.jpg,harbor_seal,harbor_seal_194.txt,EMPTY,PENDING
harbor_seal_2.jpg,harbor_seal,harbor_seal_2.txt,EMPTY,PENDING
harbor_seal_209.jpg,harbor_seal,harbor_seal_209.txt,EMPTY,PENDING
harbor_seal_215.jpg,harbor_seal,harbor_seal_215.txt,EMPTY,PENDING
harbor_seal_216.jpg,harbor_seal,harbor_seal_216.txt,EMPTY,PENDING
harbor_seal_218.jpg,harbor_seal,harbor_seal_218.txt,EMPTY,PENDING
harbor_seal_221.jpg,harbor_seal,harbor_seal_221.txt,EMPTY,PENDING
harbor_seal_222.jpg,harbor_seal,harbor_seal_222.txt,EMPTY,PENDING
harbor_seal_228.jpg,harbor_seal,harbor_seal_228.txt,EMPTY,PENDING
harbor_seal_23.jpg,harbor_seal,harbor_seal_23.txt,EMPTY,PENDING
harbor_seal_231.jpg,harbor_seal,harbor_seal_231.txt,EMPTY,PENDING
harbor_seal_243.jpg,harbor_seal,harbor_seal_243.txt,EMPTY,PENDING
harbor_seal_26.jpg,harbor_seal,harbor_seal_26.txt,EMPTY,PENDING
harbor_seal_263.jpg,harbor_seal,harbor_seal_263.txt,EMPTY,PENDING
harbor_seal_27.jpg,harbor_seal,harbor_seal_27.txt,EMPTY,PENDING
harbor_seal_270.jpg,harbor_seal,harbor_seal_270.txt,EMPTY,PENDING
harbor_seal_273.jpg,harbor_seal,harbor_seal_273.txt,EMPTY,PENDING
harbor_seal_280.jpg,harbor_seal,harbor_seal_280.txt,EMPTY,PENDING
harbor_seal_29.jpg,harbor_seal,harbor_seal_29.txt,EMPTY,PENDING
harbor_seal_290.jpg,harbor_seal,harbor_seal_290.txt,EMPTY,PENDING
harbor_seal_295.jpg,harbor_seal,harbor_seal_295.txt,EMPTY,PENDING
harbor_seal_298.jpg,harbor_seal,harbor_seal_298.txt,EMPTY,PENDING
harbor_seal_299.jpg,harbor_seal,harbor_seal_299.txt,EMPTY,PENDING
harbor_seal_39.jpg,harbor_seal,harbor_seal_39.txt,EMPTY,PENDING
harbor_seal_46.jpg,harbor_seal,harbor_seal_46.txt,EMPTY,PENDING
harbor_seal_50.jpg,harbor_seal,harbor_seal_50.txt,EMPTY,PENDING
harbor_seal_66.jpg,harbor_seal,harbor_seal_66.txt,EMPTY,PENDING
harbor_seal_7.jpg,harbor_seal,harbor_seal_7.txt,EMPTY,PENDING
harbor_seal_81.jpg,harbor_seal,harbor_seal_81.txt,EMPTY,PENDING
harbor_seal_93.jpg,harbor_seal,harbor_seal_93.txt,EMPTY,PENDING
harbor_seal_96.jpg,harbor_seal,harbor_seal_96.txt,EMPTY,PENDING
kangaroo_rat_103.jpg,kangaroo_rat,kangaroo_rat_103.txt,EMPTY,PENDING
kangaroo_rat_116.jpg,kangaroo_rat,kangaroo_rat_116.txt,EMPTY,PENDING
kangaroo_rat_117.jpg,kangaroo_rat,kangaroo_rat_117.txt,EMPTY,PENDING
kangaroo_rat_12.jpg,kangaroo_rat,kangaroo_rat_12.txt,EMPTY,PENDING
kangaroo_rat_13.jpg,kangaroo_rat,kangaroo_rat_13.txt,EMPTY,PENDING
kangaroo_rat_149.jpg,kangaroo_rat,kangaroo_rat_149.txt,EMPTY,PENDING
kangaroo_rat_150.jpg,kangaroo_rat,kangaroo_rat_150.txt,EMPTY,PENDING
kangaroo_rat_168.jpg,kangaroo_rat,kangaroo_rat_168.txt,EMPTY,PENDING
kangaroo_rat_17.jpg,kangaroo_rat,kangaroo_rat_17.txt,EMPTY,PENDING
kangaroo_rat_172.jpg,kangaroo_rat,kangaroo_rat_172.txt,EMPTY,PENDING
kangaroo_rat_183.jpg,kangaroo_rat,kangaroo_rat_183.txt,EMPTY,PENDING
kangaroo_rat_184.jpg,kangaroo_rat,kangaroo_rat_184.txt,EMPTY,PENDING
kangaroo_rat_185.jpg,kangaroo_rat,kangaroo_rat_185.txt,EMPTY,PENDING
kangaroo_rat_186.jpg,kangaroo_rat,kangaroo_rat_186.txt,EMPTY,PENDING
kangaroo_rat_189.jpg,kangaroo_rat,kangaroo_rat_189.txt,EMPTY,PENDING
kangaroo_rat_19.jpg,kangaroo_rat,kangaroo_rat_19.txt,EMPTY,PENDING
kangaroo_rat_190.jpg,kangaroo_rat,kangaroo_rat_190.txt,EMPTY,PENDING
kangaroo_rat_191.jpg,kangaroo_rat,kangaroo_rat_191.txt,EMPTY,PENDING
kangaroo_rat_198.jpg,kangaroo_rat,kangaroo_rat_198.txt,EMPTY,PENDING
kangaroo_rat_209.jpg,kangaroo_rat,kangaroo_rat_209.txt,EMPTY,PENDING
kangaroo_rat_221.jpg,kangaroo_rat,kangaroo_rat_221.txt,EMPTY,PENDING
kangaroo_rat_223.jpg,kangaroo_rat,kangaroo_rat_223.txt,EMPTY,PENDING
kangaroo_rat_225.jpg,kangaroo_rat,kangaroo_rat_225.txt,EMPTY,PENDING
kangaroo_rat_228.jpg,kangaroo_rat,kangaroo_rat_228.txt,EMPTY,PENDING
kangaroo_rat_230.jpg,kangaroo_rat,kangaroo_rat_230.txt,EMPTY,PENDING
kangaroo_rat_234.jpg,kangaroo_rat,kangaroo_rat_234.txt,EMPTY,PENDING
kangaroo_rat_243.jpg,kangaroo_rat,kangaroo_rat_243.txt,EMPTY,PENDING
kangaroo_rat_249.jpg,kangaroo_rat,kangaroo_rat_249.txt,EMPTY,PENDING
kangaroo_rat_251.jpg,kangaroo_rat,kangaroo_rat_251.txt,EMPTY,PENDING
kangaroo_rat_264.jpg,kangaroo_rat,kangaroo_rat_264.txt,EMPTY,PENDING
kangaroo_rat_274.jpg,kangaroo_rat,kangaroo_rat_274.txt,EMPTY,PENDING
kangaroo_rat_287.jpg,kangaroo_rat,kangaroo_rat_287.txt,EMPTY,PENDING
kangaroo_rat_292.jpg,kangaroo_rat,kangaroo_rat_292.txt,EMPTY,PENDING
kangaroo_rat_295.jpg,kangaroo_rat,kangaroo_rat_295.txt,EMPTY,PENDING
kangaroo_rat_32.jpg,kangaroo_rat,kangaroo_rat_32.txt,EMPTY,PENDING
kangaroo_rat_33.jpg,kangaroo_rat,kangaroo_rat_33.txt,EMPTY,PENDING
kangaroo_rat_52.jpg,kangaroo_rat,kangaroo_rat_52.txt,EMPTY,PENDING
kangaroo_rat_8.jpg,kangaroo_rat,kangaroo_rat_8.txt,EMPTY,PENDING
kangaroo_rat_87.jpg,kangaroo_rat,kangaroo_rat_87.txt,EMPTY,PENDING
kangaroo_rat_88.jpg,kangaroo_rat,kangaroo_rat_88.txt,EMPTY,PENDING
kangaroo_rat_91.jpg,kangaroo_rat,kangaroo_rat_91.txt,EMPTY,PENDING
kangaroo_rat_92.jpg,kangaroo_rat,kangaroo_rat_92.txt,EMPTY,PENDING
kangaroo_rat_96.jpg,kangaroo_rat,kangaroo_rat_96.txt,EMPTY,PENDING
kangaroo_rat_98.jpg,kangaroo_rat,kangaroo_rat_98.txt,EMPTY,PENDING
Lion_0.jpg,Lion,Lion_0.txt,EMPTY,PENDING
Lion_1.jpg,Lion,Lion_1.txt,EMPTY,PENDING
Lion_10.jpg,Lion,Lion_10.txt,EMPTY,PENDING
Lion_11.jpg,Lion,Lion_11.txt,EMPTY,PENDING
Lion_114.jpg,Lion,Lion_114.txt,EMPTY,PENDING
Lion_121.jpg,Lion,Lion_121.txt,EMPTY,PENDING
Lion_124.jpg,Lion,Lion_124.txt,EMPTY,PENDING
Lion_137.jpg,Lion,Lion_137.txt,EMPTY,PENDING
Lion_145.jpg,Lion,Lion_145.txt,EMPTY,PENDING
Lion_146.jpg,Lion,Lion_146.txt,EMPTY,PENDING
Lion_149.jpg,Lion,Lion_149.txt,EMPTY,PENDING
Lion_153.jpg,Lion,Lion_153.txt,EMPTY,PENDING
Lion_156.jpg,Lion,Lion_156.txt,EMPTY,PENDING
Lion_169.jpg,Lion,Lion_169.txt,EMPTY,PENDING
Lion_174.jpg,Lion,Lion_174.txt,EMPTY,PENDING
Lion_175.jpg,Lion,Lion_175.txt,EMPTY,PENDING
Lion_177.jpg,Lion,Lion_177.txt,EMPTY,PENDING
Lion_178.jpg,Lion,Lion_178.txt,EMPTY,PENDING
Lion_187.jpg,Lion,Lion_187.txt,EMPTY,PENDING
Lion_197.jpg,Lion,Lion_197.txt,EMPTY,PENDING
Lion_2.jpg,Lion,Lion_2.txt,EMPTY,PENDING
Lion_204.jpg,Lion,Lion_204.txt,EMPTY,PENDING
Lion_234.jpg,Lion,Lion_234.txt,EMPTY,PENDING
Lion_239.jpg,Lion,Lion_239.txt,EMPTY,PENDING
Lion_266.jpg,Lion,Lion_266.txt,EMPTY,PENDING
Lion_268.jpg,Lion,Lion_268.txt,EMPTY,PENDING
Lion_269.jpg,Lion,Lion_269.txt,EMPTY,PENDING
Lion_273.jpg,Lion,Lion_273.txt,EMPTY,PENDING
Lion_277.jpg,Lion,Lion_277.txt,EMPTY,PENDING
Lion_32.jpg,Lion,Lion_32.txt,EMPTY,PENDING
Lion_4.jpg,Lion,Lion_4.txt,EMPTY,PENDING
Lion_5.jpg,Lion,Lion_5.txt,EMPTY,PENDING
Lion_58.jpg,Lion,Lion_58.txt,EMPTY,PENDING
Lion_65.jpg,Lion,Lion_65.txt,EMPTY,PENDING
Lion_73.jpg,Lion,Lion_73.txt,EMPTY,PENDING
Lion_8.jpg,Lion,Lion_8.txt,EMPTY,PENDING
Lion_81.jpg,Lion,Lion_81.txt,EMPTY,PENDING
Lion_85.jpg,Lion,Lion_85.txt,EMPTY,PENDING
Lion_86.jpg,Lion,Lion_86.txt,EMPTY,PENDING
mountain_lion_117.jpg,mountain_lion,mountain_lion_117.txt,EMPTY,PENDING
mountain_lion_118.jpg,mountain_lion,mountain_lion_118.txt,EMPTY,PENDING
mountain_lion_132.jpg,mountain_lion,mountain_lion_132.txt,EMPTY,PENDING
mountain_lion_161.jpg,mountain_lion,mountain_lion_161.txt,EMPTY,PENDING
mountain_lion_167.jpg,mountain_lion,mountain_lion_167.txt,EMPTY,PENDING
mountain_lion_170.jpg,mountain_lion,mountain_lion_170.txt,EMPTY,PENDING
mountain_lion_176.jpg,mountain_lion,mountain_lion_176.txt,EMPTY,PENDING
mountain_lion_177.jpg,mountain_lion,mountain_lion_177.txt,EMPTY,PENDING
mountain_lion_190.jpg,mountain_lion,mountain_lion_190.txt,EMPTY,PENDING
mountain_lion_198.jpg,mountain_lion,mountain_lion_198.txt,EMPTY,PENDING
mountain_lion_206.jpg,mountain_lion,mountain_lion_206.txt,EMPTY,PENDING
mountain_lion_211.jpg,mountain_lion,mountain_lion_211.txt,EMPTY,PENDING
mountain_lion_227.jpg,mountain_lion,mountain_lion_227.txt,EMPTY,PENDING
mountain_lion_232.jpg,mountain_lion,mountain_lion_232.txt,EMPTY,PENDING
mountain_lion_236.jpg,mountain_lion,mountain_lion_236.txt,EMPTY,PENDING
mountain_lion_280.jpg,mountain_lion,mountain_lion_280.txt,EMPTY,PENDING
mountain_lion_288.jpg,mountain_lion,mountain_lion_288.txt,EMPTY,PENDING
mountain_lion_49.jpg,mountain_lion,mountain_lion_49.txt,EMPTY,PENDING
mountain_lion_5.jpg,mountain_lion,mountain_lion_5.txt,EMPTY,PENDING
mountain_lion_72.jpg,mountain_lion,mountain_lion_72.txt,EMPTY,PENDING
mountain_lion_8.jpg,mountain_lion,mountain_lion_8.txt,EMPTY,PENDING
mountain_lion_80.jpg,mountain_lion,mountain_lion_80.txt,EMPTY,PENDING
mountain_lion_86.jpg,mountain_lion,mountain_lion_86.txt,EMPTY,PENDING
mountain_lion_98.jpg,mountain_lion,mountain_lion_98.txt,EMPTY,PENDING
rabbit_142.jpg,rabbit,rabbit_142.txt,EMPTY,PENDING
rabbit_16.jpg,rabbit,rabbit_16.txt,EMPTY,PENDING
rabbit_17.jpg,rabbit,rabbit_17.txt,EMPTY,PENDING
rabbit_193.jpg,rabbit,rabbit_193.txt,EMPTY,PENDING
rabbit_202.jpg,rabbit,rabbit_202.txt,EMPTY,PENDING
rabbit_216.jpg,rabbit,rabbit_216.txt,EMPTY,PENDING
rabbit_233.jpg,rabbit,rabbit_233.txt,EMPTY,PENDING
rabbit_259.jpg,rabbit,rabbit_259.txt,EMPTY,PENDING
red_tailed_hawk_113.jpg,red_tailed_hawk,red_tailed_hawk_113.txt,EMPTY,PENDING
red_tailed_hawk_116.jpg,red_tailed_hawk,red_tailed_hawk_116.txt,EMPTY,PENDING
red_tailed_hawk_123.jpg,red_tailed_hawk,red_tailed_hawk_123.txt,EMPTY,PENDING
red_tailed_hawk_129.jpg,red_tailed_hawk,red_tailed_hawk_129.txt,EMPTY,PENDING
red_tailed_hawk_13.jpg,red_tailed_hawk,red_tailed_hawk_13.txt,EMPTY,PENDING
red_tailed_hawk_131.jpg,red_tailed_hawk,red_tailed_hawk_131.txt,EMPTY,PENDING
red_tailed_hawk_132.jpg,red_tailed_hawk,red_tailed_hawk_132.txt,EMPTY,PENDING
red_tailed_hawk_141.jpg,red_tailed_hawk,red_tailed_hawk_141.txt,EMPTY,PENDING
red_tailed_hawk_151.jpg,red_tailed_hawk,red_tailed_hawk_151.txt,EMPTY,PENDING
red_tailed_hawk_161.jpg,red_tailed_hawk,red_tailed_hawk_161.txt,EMPTY,PENDING
red_tailed_hawk_168.jpg,red_tailed_hawk,red_tailed_hawk_168.txt,EMPTY,PENDING
red_tailed_hawk_18.jpg,red_tailed_hawk,red_tailed_hawk_18.txt,EMPTY,PENDING
red_tailed_hawk_181.jpg,red_tailed_hawk,red_tailed_hawk_181.txt,EMPTY,PENDING
red_tailed_hawk_203.jpg,red_tailed_hawk,red_tailed_hawk_203.txt,EMPTY,PENDING
red_tailed_hawk_208.jpg,red_tailed_hawk,red_tailed_hawk_208.txt,EMPTY,PENDING
red_tailed_hawk_209.jpg,red_tailed_hawk,red_tailed_hawk_209.txt,EMPTY,PENDING
red_tailed_hawk_210.jpg,red_tailed_hawk,red_tailed_hawk_210.txt,EMPTY,PENDING
red_tailed_hawk_219.jpg,red_tailed_hawk,red_tailed_hawk_219.txt,EMPTY,PENDING
red_tailed_hawk_220.jpg,red_tailed_hawk,red_tailed_hawk_220.txt,EMPTY,PENDING
red_tailed_hawk_23.jpg,red_tailed_hawk,red_tailed_hawk_23.txt,EMPTY,PENDING
red_tailed_hawk_240.jpg,red_tailed_hawk,red_tailed_hawk_240.txt,EMPTY,PENDING
red_tailed_hawk_261.jpg,red_tailed_hawk,red_tailed_hawk_261.txt,EMPTY,PENDING
red_tailed_hawk_275.jpg,red_tailed_hawk,red_tailed_hawk_275.txt,EMPTY,PENDING
red_tailed_hawk_291.jpg,red_tailed_hawk,red_tailed_hawk_291.txt,EMPTY,PENDING
red_tailed_hawk_37.jpg,red_tailed_hawk,red_tailed_hawk_37.txt,EMPTY,PENDING
red_tailed_hawk_40.jpg,red_tailed_hawk,red_tailed_hawk_40.txt,EMPTY,PENDING
red_tailed_hawk_47.jpg,red_tailed_hawk,red_tailed_hawk_47.txt,EMPTY,PENDING
red_tailed_hawk_48.jpg,red_tailed_hawk,red_tailed_hawk_48.txt,EMPTY,PENDING
red_tailed_hawk_49.jpg,red_tailed_hawk,red_tailed_hawk_49.txt,EMPTY,PENDING
red_tailed_hawk_50.jpg,red_tailed_hawk,red_tailed_hawk_50.txt,EMPTY,PENDING
red_tailed_hawk_62.jpg,red_tailed_hawk,red_tailed_hawk_62.txt,EMPTY,PENDING
red_tailed_hawk_64.jpg,red_tailed_hawk,red_tailed_hawk_64.txt,EMPTY,PENDING
red_tailed_hawk_77.jpg,red_tailed_hawk,red_tailed_hawk_77.txt,EMPTY,PENDING
red_tailed_hawk_79.jpg,red_tailed_hawk,red_tailed_hawk_79.txt,EMPTY,PENDING
red_tailed_hawk_91.jpg,red_tailed_hawk,red_tailed_hawk_91.txt,EMPTY,PENDING
red_tailed_hawk_94.jpg,red_tailed_hawk,red_tailed_hawk_94.txt,EMPTY,PENDING
tule_elk_112.jpg,tule_elk,tule_elk_112.txt,EMPTY,PENDING
tule_elk_155.jpg,tule_elk,tule_elk_155.txt,EMPTY,PENDING
tule_elk_160.jpg,tule_elk,tule_elk_160.txt,EMPTY,PENDING
tule_elk_203.jpg,tule_elk,tule_elk_203.txt,EMPTY,PENDING
tule_elk_237.jpg,tule_elk,tule_elk_237.txt,EMPTY,PENDING
tule_elk_240.jpg,tule_elk,tule_elk_240.txt,EMPTY,PENDING
tule_elk_251.jpg,tule_elk,tule_elk_251.txt,EMPTY,PENDING
tule_elk_26.jpg,tule_elk,tule_elk_26.txt,EMPTY,PENDING
tule_elk_267.jpg,tule_elk,tule_elk_267.txt,EMPTY,PENDING
tule_elk_51.jpg,tule_elk,tule_elk_51.txt,EMPTY,PENDING
tule_elk_90.jpg,tule_elk,tule_elk_90.txt,EMPTY,PENDING
turkey_0.jpg,turkey,turkey_0.txt,EMPTY,PENDING
turkey_1.jpg,turkey,turkey_1.txt,EMPTY,PENDING
turkey_100.jpg,turkey,turkey_100.txt,EMPTY,PENDING
turkey_118.jpg,turkey,turkey_118.txt,EMPTY,PENDING
turkey_13.jpg,turkey,turkey_13.txt,EMPTY,PENDING
turkey_134.jpg,turkey,turkey_134.txt,EMPTY,PENDING
turkey_136.jpg,turkey,turkey_136.txt,EMPTY,PENDING
turkey_143.jpg,turkey,turkey_143.txt,EMPTY,PENDING
turkey_145.jpg,turkey,turkey_145.txt,EMPTY,PENDING
turkey_147.jpg,turkey,turkey_147.txt,EMPTY,PENDING
turkey_152.jpg,turkey,turkey_152.txt,EMPTY,PENDING
turkey_155.jpg,turkey,turkey_155.txt,EMPTY,PENDING
turkey_157.jpg,turkey,turkey_157.txt,EMPTY,PENDING
turkey_187.jpg,turkey,turkey_187.txt,EMPTY,PENDING
turkey_188.jpg,turkey,turkey_188.txt,EMPTY,PENDING
turkey_195.jpg,turkey,turkey_195.txt,EMPTY,PENDING
turkey_196.jpg,turkey,turkey_196.txt,EMPTY,PENDING
turkey_221.jpg,turkey,turkey_221.txt,EMPTY,PENDING
turkey_225.jpg,turkey,turkey_225.txt,EMPTY,PENDING
turkey_226.jpg,turkey,turkey_226.txt,EMPTY,PENDING
turkey_228.jpg,turkey,turkey_228.txt,EMPTY,PENDING
turkey_229.jpg,turkey,turkey_229.txt,EMPTY,PENDING
turkey_244.jpg,turkey,turkey_244.txt,EMPTY,PENDING
turkey_259.jpg,turkey,turkey_259.txt,EMPTY,PENDING
turkey_26.jpg,turkey,turkey_26.txt,EMPTY,PENDING
turkey_267.jpg,turkey,turkey_267.txt,EMPTY,PENDING
turkey_268.jpg,turkey,turkey_268.txt,EMPTY,PENDING
turkey_270.jpg,turkey,turkey_270.txt,EMPTY,PENDING
turkey_277.jpg,turkey,turkey_277.txt,EMPTY,PENDING
turkey_33.jpg,turkey,turkey_33.txt,EMPTY,PENDING
turkey_34.jpg,turkey,turkey_34.txt,EMPTY,PENDING
turkey_36.jpg,turkey,turkey_36.txt,EMPTY,PENDING
turkey_38.jpg,turkey,turkey_38.txt,EMPTY,PENDING
turkey_39.jpg,turkey,turkey_39.txt,EMPTY,PENDING
turkey_49.jpg,turkey,turkey_49.txt,EMPTY,PENDING
turkey_50.jpg,turkey,turkey_50.txt,EMPTY,PENDING
turkey_52.jpg,turkey,turkey_52.txt,EMPTY,PENDING
turkey_59.jpg,turkey,turkey_59.txt,EMPTY,PENDING
turkey_69.jpg,turkey,turkey_69.txt,EMPTY,PENDING
turkey_78.jpg,turkey,turkey_78.txt,EMPTY,PENDING
turkey_84.jpg,turkey,turkey_84.txt,EMPTY,PENDING
turkey_87.jpg,turkey,turkey_87.txt,EMPTY,PENDING
turkey_88.jpg,turkey,turkey_88.txt,EMPTY,PENDING
turkey_91.jpg,turkey,turkey_91.txt,EMPTY,PENDING
